{"computer science": {"corr": 15.0, "wrong": 3.0, "acc": 0.8333333333333334}, "total": {"corr": 15.0, "wrong": 3.0, "acc": 0.8333333333333334}}