{"psychology": {"corr": 62.0, "wrong": 27.0, "acc": 0.6966292134831461}, "total": {"corr": 62.0, "wrong": 27.0, "acc": 0.6966292134831461}}