{"psychology": {"corr": 600.0, "wrong": 198.0, "acc": 0.7518796992481203}, "total": {"corr": 600.0, "wrong": 198.0, "acc": 0.7518796992481203}}