{"computer science": {"corr": 334.0, "wrong": 76.0, "acc": 0.8146341463414634}, "total": {"corr": 334.0, "wrong": 76.0, "acc": 0.8146341463414634}}