{"computer science": {"corr": 318.0, "wrong": 92.0, "acc": 0.775609756097561}, "total": {"corr": 318.0, "wrong": 92.0, "acc": 0.775609756097561}}