{"psychology": {"corr": 601.0, "wrong": 197.0, "acc": 0.7531328320802005}, "total": {"corr": 601.0, "wrong": 197.0, "acc": 0.7531328320802005}}