{"computer science": {"corr": 25.0, "wrong": 3.0, "acc": 0.8928571428571429}, "total": {"corr": 25.0, "wrong": 3.0, "acc": 0.8928571428571429}}