{"business": {"corr": 29.0, "wrong": 6.0, "acc": 0.8285714285714286}, "total": {"corr": 29.0, "wrong": 6.0, "acc": 0.8285714285714286}}