{"business": {"corr": 648.0, "wrong": 141.0, "acc": 0.8212927756653993}, "total": {"corr": 648.0, "wrong": 141.0, "acc": 0.8212927756653993}}