{"computer science": {"corr": 331.0, "wrong": 79.0, "acc": 0.8073170731707318}, "total": {"corr": 331.0, "wrong": 79.0, "acc": 0.8073170731707318}}