{"math": {"corr": 151.0, "wrong": 11.0, "acc": 0.9320987654320988}, "total": {"corr": 151.0, "wrong": 11.0, "acc": 0.9320987654320988}}