{"math": {"corr": 6.0, "wrong": 1.0, "acc": 0.8571428571428571}, "total": {"corr": 6.0, "wrong": 1.0, "acc": 0.8571428571428571}}