{"psychology": {"corr": 602.0, "wrong": 196.0, "acc": 0.7543859649122807}, "total": {"corr": 602.0, "wrong": 196.0, "acc": 0.7543859649122807}}