{"psychology": {"corr": 302.0, "wrong": 97.0, "acc": 0.7568922305764411}, "total": {"corr": 302.0, "wrong": 97.0, "acc": 0.7568922305764411}}