{"psychology": {"corr": 37.0, "wrong": 17.0, "acc": 0.6851851851851852}, "total": {"corr": 37.0, "wrong": 17.0, "acc": 0.6851851851851852}}