{"psychology": {"corr": 276.0, "wrong": 87.0, "acc": 0.7603305785123967}, "total": {"corr": 276.0, "wrong": 87.0, "acc": 0.7603305785123967}}