{"psychology": {"corr": 388.0, "wrong": 126.0, "acc": 0.754863813229572}, "total": {"corr": 388.0, "wrong": 126.0, "acc": 0.754863813229572}}